1100.00,198.76,188.76,76.32,33.00,44.00,66.00,88.00,110.00,29.54,3.46,27.23,5.77,23.10,9.90,22.11,10.89,20.13,12.87
1101.00,199.08,189.08,76.44,33.03,44.04,66.06,88.08,110.10,29.57,3.46,27.26,5.77,23.13,9.90,22.14,10.89,20.16,12.87
1102.00,199.39,189.39,76.56,33.06,44.08,66.12,88.16,110.20,29.60,3.46,27.29,5.77,23.16,9.90,22.17,10.89,20.19,12.87
1103.00,199.71,189.71,76.68,33.09,44.12,66.18,88.24,110.30,29.63,3.46,27.32,5.77,23.19,9.90,22.20,10.89,20.22,12.87
1104.00,200.03,190.03,76.80,33.12,44.16,66.24,88.32,110.40,29.66,3.46,27.35,5.77,23.22,9.90,22.23,10.89,20.25,12.87
1105.00,200.34,190.34,76.92,33.15,44.20,66.30,88.40,110.50,29.69,3.46,27.38,5.77,23.25,9.90,22.26,10.89,20.28,12.87
1106.00,200.66,190.66,77.04,33.18,44.24,66.36,88.48,110.60,29.72,3.46,27.41,5.77,23.28,9.90,22.29,10.89,20.31,12.87
1107.00,200.98,190.98,77.16,33.21,44.28,66.42,88.56,110.70,29.75,3.46,27.44,5.77,23.31,9.90,22.32,10.89,20.34,12.87
1108.00,201.29,191.29,77.28,33.24,44.32,66.48,88.64,110.80,29.78,3.46,27.47,5.77,23.34,9.90,22.35,10.89,20.37,12.87
1109.00,201.61,191.61,77.40,33.27,44.36,66.54,88.72,110.90,29.81,3.46,27.50,5.77,23.37,9.90,22.38,10.89,20.40,12.87
1110.00,201.93,191.93,77.52,33.30,44.40,66.60,88.80,111.00,29.84,3.46,27.53,5.77,23.40,9.90,22.41,10.89,20.43,12.87
1111.00,202.24,192.24,77.64,33.33,44.44,66.66,88.88,111.10,29.87,3.46,27.56,5.77,23.43,9.90,22.44,10.89,20.46,12.87
1112.00,202.56,192.56,77.76,33.36,44.48,66.72,88.96,111.20,29.90,3.46,27.59,5.77,23.46,9.90,22.47,10.89,20.49,12.87
1113.00,202.88,192.88,77.88,33.39,44.52,66.78,89.04,111.30,29.93,3.46,27.62,5.77,23.49,9.90,22.50,10.89,20.52,12.87
1114.00,203.19,193.19,78.00,33.42,44.56,66.84,89.12,111.40,29.96,3.46,27.65,5.77,23.52,9.90,22.53,10.89,20.55,12.87
1115.00,203.51,193.51,78.12,33.45,44.60,66.90,89.20,111.50,29.99,3.46,27.68,5.77,23.55,9.90,22.56,10.89,20.58,12.87
1116.00,203.83,193.83,78.24,33.48,44.64,66.96,89.28,111.60,30.02,3.46,27.71,5.77,23.58,9.90,22.59,10.89,20.61,12.87
1117.00,204.14,194.14,78.36,33.51,44.68,67.02,89.36,111.70,30.05,3.46,27.74,5.77,23.61,9.90,22.62,10.89,20.64,12.87
1118.00,204.46,194.46,78.48,33.54,44.72,67.08,89.44,111.80,30.08,3.46,27.77,5.77,23.64,9.90,22.65,10.89,20.67,12.87
1119.00,204.78,194.78,78.60,33.57,44.76,67.14,89.52,111.90,30.11,3.46,27.80,5.77,23.67,9.90,22.68,10.89,20.70,12.87
1120.00,205.09,195.09,78.72,33.60,44.80,67.20,89.60,112.00,30.14,3.46,27.83,5.77,23.70,9.90,22.71,10.89,20.73,12.87
1121.00,205.41,195.41,78.84,33.63,44.84,67.26,89.68,112.10,30.17,3.46,27.86,5.77,23.73,9.90,22.74,10.89,20.76,12.87
1122.00,205.73,195.73,78.96,33.66,44.88,67.32,89.76,112.20,30.20,3.46,27.89,5.77,23.76,9.90,22.77,10.89,20.79,12.87
1123.00,206.04,196.04,79.08,33.69,44.92,67.38,89.84,112.30,30.23,3.46,27.92,5.77,23.79,9.90,22.80,10.89,20.82,12.87
1124.00,206.36,196.36,79.20,33.72,44.96,67.44,89.92,112.40,30.26,3.46,27.95,5.77,23.82,9.90,22.83,10.89,20.85,12.87
1125.00,206.68,196.68,79.32,33.75,45.00,67.50,90.00,112.50,30.29,3.46,27.98,5.77,23.85,9.90,22.86,10.89,20.88,12.87
1126.00,206.99,196.99,79.44,33.78,45.04,67.56,90.08,112.60,30.32,3.46,28.01,5.77,23.88,9.90,22.89,10.89,20.91,12.87
1127.00,207.31,197.31,79.56,33.81,45.08,67.62,90.16,112.70,30.35,3.46,28.04,5.77,23.91,9.90,22.92,10.89,20.94,12.87
1128.00,207.63,197.63,79.68,33.84,45.12,67.68,90.24,112.80,30.38,3.46,28.07,5.77,23.94,9.90,22.95,10.89,20.97,12.87
1129.00,207.94,197.94,79.80,33.87,45.16,67.74,90.32,112.90,30.41,3.46,28.10,5.77,23.97,9.90,22.98,10.89,21.00,12.87
1130.00,208.26,198.26,79.92,33.90,45.20,67.80,90.40,113.00,30.44,3.46,28.13,5.77,24.00,9.90,23.01,10.89,21.03,12.87
1131.00,208.58,198.58,80.04,33.93,45.24,67.86,90.48,113.10,30.47,3.46,28.16,5.77,24.03,9.90,23.04,10.89,21.06,12.87
1132.00,208.89,198.89,80.16,33.96,45.28,67.92,90.56,113.20,30.50,3.46,28.19,5.77,24.06,9.90,23.07,10.89,21.09,12.87
1133.00,209.21,199.21,80.28,33.99,45.32,67.98,90.64,113.30,30.53,3.46,28.22,5.77,24.09,9.90,23.10,10.89,21.12,12.87
1134.00,209.53,199.53,80.40,34.02,45.36,68.04,90.72,113.40,30.45,3.57,28.07,5.95,23.82,10.20,22.80,11.22,20.76,13.26
1135.00,209.84,199.84,80.52,34.05,45.40,68.10,90.80,113.50,30.48,3.57,28.10,5.95,23.85,10.20,22.83,11.22,20.79,13.26
1136.00,210.16,200.16,80.64,34.08,45.44,68.16,90.88,113.60,30.51,3.57,28.13,5.95,23.88,10.20,22.86,11.22,20.82,13.26
1137.00,210.48,200.48,80.76,34.11,45.48,68.22,90.96,113.70,30.54,3.57,28.16,5.95,23.91,10.20,22.89,11.22,20.85,13.26
1138.00,210.79,200.79,80.88,34.14,45.52,68.28,91.04,113.80,30.57,3.57,28.19,5.95,23.94,10.20,22.92,11.22,20.88,13.26
1139.00,211.11,201.11,81.00,34.17,45.56,68.34,91.12,113.90,30.60,3.57,28.22,5.95,23.97,10.20,22.95,11.22,20.91,13.26
1140.00,211.43,201.43,81.12,34.20,45.60,68.40,91.20,114.00,30.63,3.57,28.25,5.95,24.00,10.20,22.98,11.22,20.94,13.26
1141.00,211.74,201.74,81.24,34.23,45.64,68.46,91.28,114.10,30.66,3.57,28.28,5.95,24.03,10.20,23.01,11.22,20.97,13.26
1142.00,212.06,202.06,81.36,34.26,45.68,68.52,91.36,114.20,30.69,3.57,28.31,5.95,24.06,10.20,23.04,11.22,21.00,13.26
1143.00,212.38,202.38,81.48,34.29,45.72,68.58,91.44,114.30,30.72,3.57,28.34,5.95,24.09,10.20,23.07,11.22,21.03,13.26
1144.00,212.69,202.69,81.60,34.32,45.76,68.64,91.52,114.40,30.75,3.57,28.37,5.95,24.12,10.20,23.10,11.22,21.06,13.26
1145.00,213.01,203.01,81.72,34.35,45.80,68.70,91.60,114.50,30.78,3.57,28.40,5.95,24.15,10.20,23.13,11.22,21.09,13.26
1146.00,213.33,203.33,81.84,34.38,45.84,68.76,91.68,114.60,30.81,3.57,28.43,5.95,24.18,10.20,23.16,11.22,21.12,13.26
1147.00,213.64,203.64,81.96,34.41,45.88,68.82,91.76,114.70,30.84,3.57,28.46,5.95,24.21,10.20,23.19,11.22,21.15,13.26
1148.00,213.96,203.96,82.08,34.44,45.92,68.88,91.84,114.80,30.87,3.57,28.49,5.95,24.24,10.20,23.22,11.22,21.18,13.26
1149.00,214.28,204.28,82.20,34.47,45.96,68.94,91.92,114.90,30.90,3.57,28.52,5.95,24.27,10.20,23.25,11.22,21.21,13.26
1150.00,214.59,204.59,82.32,34.50,46.00,69.00,92.00,115.00,30.93,3.57,28.55,5.95,24.30,10.20,23.28,11.22,21.24,13.26
1151.00,214.91,204.91,82.44,34.53,46.04,69.06,92.08,115.10,30.96,3.57,28.58,5.95,24.33,10.20,23.31,11.22,21.27,13.26
1152.00,215.23,205.23,82.56,34.56,46.08,69.12,92.16,115.20,30.99,3.57,28.61,5.95,24.36,10.20,23.34,11.22,21.30,13.26
1153.00,215.54,205.54,82.68,34.59,46.12,69.18,92.24,115.30,31.02,3.57,28.64,5.95,24.39,10.20,23.37,11.22,21.33,13.26
1154.00,215.86,205.86,82.80,34.62,46.16,69.24,92.32,115.40,31.05,3.57,28.67,5.95,24.42,10.20,23.40,11.22,21.36,13.26
1155.00,216.18,206.18,82.92,34.65,46.20,69.30,92.40,115.50,31.08,3.57,28.70,5.95,24.45,10.20,23.43,11.22,21.39,13.26
1156.00,216.49,206.49,83.04,34.68,46.24,69.36,92.48,115.60,31.11,3.57,28.73,5.95,24.48,10.20,23.46,11.22,21.42,13.26
1157.00,216.81,206.81,83.16,34.71,46.28,69.42,92.56,115.70,31.14,3.57,28.76,5.95,24.51,10.20,23.49,11.22,21.45,13.26
1158.00,217.13,207.13,83.28,34.74,46.32,69.48,92.64,115.80,31.17,3.57,28.79,5.95,24.54,10.20,23.52,11.22,21.48,13.26
1159.00,217.44,207.44,83.40,34.77,46.36,69.54,92.72,115.90,31.20,3.57,28.82,5.95,24.57,10.20,23.55,11.22,21.51,13.26
1160.00,217.76,207.76,83.52,34.80,46.40,69.60,92.80,116.00,31.23,3.57,28.85,5.95,24.60,10.20,23.58,11.22,21.54,13.26
1161.00,218.08,208.08,83.64,34.83,46.44,69.66,92.88,116.10,31.26,3.57,28.88,5.95,24.63,10.20,23.61,11.22,21.57,13.26
1162.00,218.39,208.39,83.76,34.86,46.48,69.72,92.96,116.20,31.29,3.57,28.91,5.95,24.66,10.20,23.64,11.22,21.60,13.26
1163.00,218.71,208.71,83.88,34.89,46.52,69.78,93.04,116.30,31.32,3.57,28.94,5.95,24.69,10.20,23.67,11.22,21.63,13.26
1164.00,219.03,209.03,84.00,34.92,46.56,69.84,93.12,116.40,31.35,3.57,28.97,5.95,24.72,10.20,23.70,11.22,21.66,13.26
1165.00,219.34,209.34,84.12,34.95,46.60,69.90,93.20,116.50,31.38,3.57,29.00,5.95,24.75,10.20,23.73,11.22,21.69,13.26
1166.00,219.66,209.66,84.24,34.98,46.64,69.96,93.28,116.60,31.41,3.57,29.03,5.95,24.78,10.20,23.76,11.22,21.72,13.26
1167.00,219.98,209.98,84.36,35.01,46.68,70.02,93.36,116.70,31.34,3.67,28.89,6.12,24.51,10.50,23.46,11.55,21.36,13.65
1168.00,220.29,210.29,84.48,35.04,46.72,70.08,93.44,116.80,31.37,3.67,28.92,6.12,24.54,10.50,23.49,11.55,21.39,13.65
1169.00,220.61,210.61,84.60,35.07,46.76,70.14,93.52,116.90,31.40,3.67,28.95,6.12,24.57,10.50,23.52,11.55,21.42,13.65
1170.00,220.93,210.93,84.72,35.10,46.80,70.20,93.60,117.00,31.43,3.67,28.98,6.12,24.60,10.50,23.55,11.55,21.45,13.65
1171.00,221.24,211.24,84.84,35.13,46.84,70.26,93.68,117.10,31.46,3.67,29.01,6.12,24.63,10.50,23.58,11.55,21.48,13.65
1172.00,221.56,211.56,84.96,35.16,46.88,70.32,93.76,117.20,31.49,3.67,29.04,6.12,24.66,10.50,23.61,11.55,21.51,13.65
1173.00,221.88,211.88,85.08,35.19,46.92,70.38,93.84,117.30,31.52,3.67,29.07,6.12,24.69,10.50,23.64,11.55,21.54,13.65
1174.00,222.20,212.20,85.20,35.22,46.96,70.44,93.92,117.40,31.55,3.67,29.10,6.12,24.72,10.50,23.67,11.55,21.57,13.65
1175.00,222.51,212.51,85.32,35.25,47.00,70.50,94.00,117.50,31.58,3.67,29.13,6.12,24.75,10.50,23.70,11.55,21.60,13.65
1176.00,222.83,212.83,85.44,35.28,47.04,70.56,94.08,117.60,31.61,3.67,29.16,6.12,24.78,10.50,23.73,11.55,21.63,13.65
1177.00,223.15,213.15,85.56,35.31,47.08,70.62,94.16,117.70,31.64,3.67,29.19,6.12,24.81,10.50,23.76,11.55,21.66,13.65
1178.00,223.46,213.46,85.68,35.34,47.12,70.68,94.24,117.80,31.67,3.67,29.22,6.12,24.84,10.50,23.79,11.55,21.69,13.65
1179.00,223.78,213.78,85.80,35.37,47.16,70.74,94.32,117.90,31.70,3.67,29.25,6.12,24.87,10.50,23.82,11.55,21.72,13.65
1180.00,224.10,214.10,85.92,35.40,47.20,70.80,94.40,118.00,31.73,3.67,29.28,6.12,24.90,10.50,23.85,11.55,21.75,13.65
1181.00,224.41,214.41,86.04,35.43,47.24,70.86,94.48,118.10,31.76,3.67,29.31,6.12,24.93,10.50,23.88,11.55,21.78,13.65
1182.00,224.73,214.73,86.16,35.46,47.28,70.92,94.56,118.20,31.79,3.67,29.34,6.12,24.96,10.50,23.91,11.55,21.81,13.65
1183.00,225.05,215.05,86.28,35.49,47.32,70.98,94.64,118.30,31.82,3.67,29.37,6.12,24.99,10.50,23.94,11.55,21.84,13.65
1184.00,225.36,215.36,86.40,35.52,47.36,71.04,94.72,118.40,31.85,3.67,29.40,6.12,25.02,10.50,23.97,11.55,21.87,13.65
1185.00,225.68,215.68,86.52,35.55,47.40,71.10,94.80,118.50,31.88,3.67,29.43,6.12,25.05,10.50,24.00,11.55,21.90,13.65
1186.00,226.00,216.00,86.64,35.58,47.44,71.16,94.88,118.60,31.91,3.67,29.46,6.12,25.08,10.50,24.03,11.55,21.93,13.65
1187.00,226.31,216.31,86.76,35.61,47.48,71.22,94.96,118.70,31.94,3.67,29.49,6.12,25.11,10.50,24.06,11.55,21.96,13.65
1188.00,226.63,216.63,86.88,35.64,47.52,71.28,95.04,118.80,31.97,3.67,29.52,6.12,25.14,10.50,24.09,11.55,21.99,13.65
1189.00,226.95,216.95,87.00,35.67,47.56,71.34,95.12,118.90,32.00,3.67,29.55,6.12,25.17,10.50,24.12,11.55,22.02,13.65
1190.00,227.26,217.26,87.12,35.70,47.60,71.40,95.20,119.00,32.03,3.67,29.58,6.12,25.20,10.50,24.15,11.55,22.05,13.65
1191.00,227.58,217.58,87.24,35.73,47.64,71.46,95.28,119.10,32.06,3.67,29.61,6.12,25.23,10.50,24.18,11.55,22.08,13.65
1192.00,227.90,217.90,87.36,35.76,47.68,71.52,95.36,119.20,32.09,3.67,29.64,6.12,25.26,10.50,24.21,11.55,22.11,13.65
1193.00,228.21,218.21,87.48,35.79,47.72,71.58,95.44,119.30,32.12,3.67,29.67,6.12,25.29,10.50,24.24,11.55,22.14,13.65
1194.00,228.53,218.53,87.60,35.82,47.76,71.64,95.52,119.40,32.15,3.67,29.70,6.12,25.32,10.50,24.27,11.55,22.17,13.65
1195.00,228.85,218.85,87.72,35.85,47.80,71.70,95.60,119.50,32.18,3.67,29.73,6.12,25.35,10.50,24.30,11.55,22.20,13.65
1196.00,229.16,219.16,87.84,35.88,47.84,71.76,95.68,119.60,32.21,3.67,29.76,6.12,25.38,10.50,24.33,11.55,22.23,13.65
1197.00,229.48,219.48,87.96,35.91,47.88,71.82,95.76,119.70,32.24,3.67,29.79,6.12,25.41,10.50,24.36,11.55,22.26,13.65
1198.00,229.80,219.80,88.08,35.94,47.92,71.88,95.84,119.80,32.27,3.67,29.82,6.12,25.44,10.50,24.39,11.55,22.29,13.65
1199.00,230.11,220.11,88.20,35.97,47.96,71.94,95.92,119.90,32.30,3.67,29.85,6.12,25.47,10.50,24.42,11.55,22.32,13.65
1200.00,230.43,220.43,88.32,36.00,48.00,72.00,96.00,120.00,32.22,3.78,29.70,6.30,25.20,10.80,24.12,11.88,21.96,14.04
1201.00,230.75,220.75,88.44,36.03,48.04,72.06,96.08,120.10,32.25,3.78,29.73,6.30,25.23,10.80,24.15,11.88,21.99,14.04
1202.00,231.06,221.06,88.56,36.06,48.08,72.12,96.16,120.20,32.28,3.78,29.76,6.30,25.26,10.80,24.18,11.88,22.02,14.04
1203.00,231.38,221.38,88.68,36.09,48.12,72.18,96.24,120.30,32.31,3.78,29.79,6.30,25.29,10.80,24.21,11.88,22.05,14.04
1204.00,231.70,221.70,88.80,36.12,48.16,72.24,96.32,120.40,32.34,3.78,29.82,6.30,25.32,10.80,24.24,11.88,22.08,14.04
1205.00,232.01,222.01,88.92,36.15,48.20,72.30,96.40,120.50,32.37,3.78,29.85,6.30,25.35,10.80,24.27,11.88,22.11,14.04
1206.00,232.33,222.33,89.04,36.18,48.24,72.36,96.48,120.60,32.40,3.78,29.88,6.30,25.38,10.80,24.30,11.88,22.14,14.04
1207.00,232.65,222.65,89.16,36.21,48.28,72.42,96.56,120.70,32.43,3.78,29.91,6.30,25.41,10.80,24.33,11.88,22.17,14.04
1208.00,232.96,222.96,89.28,36.24,48.32,72.48,96.64,120.80,32.46,3.78,29.94,6.30,25.44,10.80,24.36,11.88,22.20,14.04
1209.00,233.28,223.28,89.40,36.27,48.36,72.54,96.72,120.90,32.49,3.78,29.97,6.30,25.47,10.80,24.39,11.88,22.23,14.04
1210.00,233.60,223.60,89.52,36.30,48.40,72.60,96.80,121.00,32.52,3.78,30.00,6.30,25.50,10.80,24.42,11.88,22.26,14.04
1211.00,233.91,223.91,89.64,36.33,48.44,72.66,96.88,121.10,32.55,3.78,30.03,6.30,25.53,10.80,24.45,11.88,22.29,14.04
1212.00,234.23,224.23,89.76,36.36,48.48,72.72,96.96,121.20,32.58,3.78,30.06,6.30,25.56,10.80,24.48,11.88,22.32,14.04
1213.00,234.55,224.55,89.88,36.39,48.52,72.78,97.04,121.30,32.61,3.78,30.09,6.30,25.59,10.80,24.51,11.88,22.35,14.04
1214.00,234.86,224.86,90.00,36.42,48.56,72.84,97.12,121.40,32.64,3.78,30.12,6.30,25.62,10.80,24.54,11.88,22.38,14.04
1215.00,235.18,225.18,90.12,36.45,48.60,72.90,97.20,121.50,32.67,3.78,30.15,6.30,25.65,10.80,24.57,11.88,22.41,14.04
1216.00,235.50,225.50,90.24,36.48,48.64,72.96,97.28,121.60,32.70,3.78,30.18,6.30,25.68,10.80,24.60,11.88,22.44,14.04
1217.00,235.81,225.81,90.36,36.51,48.68,73.02,97.36,121.70,32.73,3.78,30.21,6.30,25.71,10.80,24.63,11.88,22.47,14.04
1218.00,236.13,226.13,90.48,36.54,48.72,73.08,97.44,121.80,32.76,3.78,30.24,6.30,25.74,10.80,24.66,11.88,22.50,14.04
1219.00,236.45,226.45,90.60,36.57,48.76,73.14,97.52,121.90,32.79,3.78,30.27,6.30,25.77,10.80,24.69,11.88,22.53,14.04
1220.00,236.76,226.76,90.72,36.60,48.80,73.20,97.60,122.00,32.82,3.78,30.30,6.30,25.80,10.80,24.72,11.88,22.56,14.04
1221.00,237.08,227.08,90.84,36.63,48.84,73.26,97.68,122.10,32.85,3.78,30.33,6.30,25.83,10.80,24.75,11.88,22.59,14.04
1222.00,237.40,227.40,90.96,36.66,48.88,73.32,97.76,122.20,32.88,3.78,30.36,6.30,25.86,10.80,24.78,11.88,22.62,14.04
1223.00,237.71,227.71,91.08,36.69,48.92,73.38,97.84,122.30,32.91,3.78,30.39,6.30,25.89,10.80,24.81,11.88,22.65,14.04
1224.00,238.03,228.03,91.20,36.72,48.96,73.44,97.92,122.40,32.94,3.78,30.42,6.30,25.92,10.80,24.84,11.88,22.68,14.04
1225.00,238.35,228.35,91.32,36.75,49.00,73.50,98.00,122.50,32.97,3.78,30.45,6.30,25.95,10.80,24.87,11.88,22.71,14.04
1226.00,238.66,228.66,91.44,36.78,49.04,73.56,98.08,122.60,33.00,3.78,30.48,6.30,25.98,10.80,24.90,11.88,22.74,14.04
1227.00,238.98,228.98,91.56,36.81,49.08,73.62,98.16,122.70,33.03,3.78,30.51,6.30,26.01,10.80,24.93,11.88,22.77,14.04
1228.00,239.30,229.30,91.68,36.84,49.12,73.68,98.24,122.80,33.06,3.78,30.54,6.30,26.04,10.80,24.96,11.88,22.80,14.04
1229.00,239.61,229.61,91.80,36.87,49.16,73.74,98.32,122.90,33.09,3.78,30.57,6.30,26.07,10.80,24.99,11.88,22.83,14.04
1230.00,239.93,229.93,91.92,36.90,49.20,73.80,98.40,123.00,33.12,3.78,30.60,6.30,26.10,10.80,25.02,11.88,22.86,14.04
1231.00,240.25,230.25,92.04,36.93,49.24,73.86,98.48,123.10,33.15,3.78,30.63,6.30,26.13,10.80,25.05,11.88,22.89,14.04
1232.00,240.56,230.56,92.16,36.96,49.28,73.92,98.56,123.20,33.18,3.78,30.66,6.30,26.16,10.80,25.08,11.88,22.92,14.04
1233.00,240.88,230.88,92.28,36.99,49.32,73.98,98.64,123.30,33.21,3.78,30.69,6.30,26.19,10.80,25.11,11.88,22.95,14.04
1234.00,241.20,231.20,92.40,37.02,49.36,74.04,98.72,123.40,33.14,3.88,30.55,6.47,25.92,11.10,24.81,12.21,22.59,14.43
1235.00,241.51,231.51,92.52,37.05,49.40,74.10,98.80,123.50,33.17,3.88,30.58,6.47,25.95,11.10,24.84,12.21,22.62,14.43
1236.00,241.83,231.83,92.64,37.08,49.44,74.16,98.88,123.60,33.20,3.88,30.61,6.47,25.98,11.10,24.87,12.21,22.65,14.43
1237.00,242.15,232.15,92.76,37.11,49.48,74.22,98.96,123.70,33.23,3.88,30.64,6.47,26.01,11.10,24.90,12.21,22.68,14.43
1238.00,242.46,232.46,92.88,37.14,49.52,74.28,99.04,123.80,33.26,3.88,30.67,6.47,26.04,11.10,24.93,12.21,22.71,14.43
1239.00,242.78,232.78,93.00,37.17,49.56,74.34,99.12,123.90,33.29,3.88,30.70,6.47,26.07,11.10,24.96,12.21,22.74,14.43
1240.00,243.10,233.10,93.12,37.20,49.60,74.40,99.20,124.00,33.32,3.88,30.73,6.47,26.10,11.10,24.99,12.21,22.77,14.43
1241.00,243.41,233.41,93.24,37.23,49.64,74.46,99.28,124.10,33.35,3.88,30.76,6.47,26.13,11.10,25.02,12.21,22.80,14.43
1242.00,243.73,233.73,93.36,37.26,49.68,74.52,99.36,124.20,33.38,3.88,30.79,6.47,26.16,11.10,25.05,12.21,22.83,14.43
1243.00,244.05,234.05,93.48,37.29,49.72,74.58,99.44,124.30,33.41,3.88,30.82,6.47,26.19,11.10,25.08,12.21,22.86,14.43
1244.00,244.36,234.36,93.60,37.32,49.76,74.64,99.52,124.40,33.44,3.88,30.85,6.47,26.22,11.10,25.11,12.21,22.89,14.43
1245.00,244.68,234.68,93.72,37.35,49.80,74.70,99.60,124.50,33.47,3.88,30.88,6.47,26.25,11.10,25.14,12.21,22.92,14.43
1246.00,245.00,235.00,93.84,37.38,49.84,74.76,99.68,124.60,33.50,3.88,30.91,6.47,26.28,11.10,25.17,12.21,22.95,14.43
1247.00,245.31,235.31,93.96,37.41,49.88,74.82,99.76,124.70,33.53,3.88,30.94,6.47,26.31,11.10,25.20,12.21,22.98,14.43
1248.00,245.63,235.63,94.08,37.44,49.92,74.88,99.84,124.80,33.56,3.88,30.97,6.47,26.34,11.10,25.23,12.21,23.01,14.43
1249.00,245.95,235.95,94.20,37.47,49.96,74.94,99.92,124.90,33.59,3.88,31.00,6.47,26.37,11.10,25.26,12.21,23.04,14.43
1250.00,246.26,236.26,94.32,37.50,50.00,75.00,100.00,125.00,33.62,3.88,31.03,6.47,26.40,11.10,25.29,12.21,23.07,14.43
1251.00,246.58,236.58,94.44,37.53,50.04,75.06,100.08,125.10,33.65,3.88,31.06,6.47,26.43,11.10,25.32,12.21,23.10,14.43
1252.00,246.90,236.90,94.56,37.56,50.08,75.12,100.16,125.20,33.68,3.88,31.09,6.47,26.46,11.10,25.35,12.21,23.13,14.43
1253.00,247.21,237.21,94.68,37.59,50.12,75.18,100.24,125.30,33.71,3.88,31.12,6.47,26.49,11.10,25.38,12.21,23.16,14.43
1254.00,247.53,237.53,94.80,37.62,50.16,75.24,100.32,125.40,33.74,3.88,31.15,6.47,26.52,11.10,25.41,12.21,23.19,14.43
1255.00,247.85,237.85,94.92,37.65,50.20,75.30,100.40,125.50,33.77,3.88,31.18,6.47,26.55,11.10,25.44,12.21,23.22,14.43
1256.00,248.16,238.16,95.04,37.68,50.24,75.36,100.48,125.60,33.80,3.88,31.21,6.47,26.58,11.10,25.47,12.21,23.25,14.43
1257.00,248.48,238.48,95.16,37.71,50.28,75.42,100.56,125.70,33.83,3.88,31.24,6.47,26.61,11.10,25.50,12.21,23.28,14.43
1258.00,248.80,238.80,95.28,37.74,50.32,75.48,100.64,125.80,33.86,3.88,31.27,6.47,26.64,11.10,25.53,12.21,23.31,14.43
1259.00,249.11,239.11,95.40,37.77,50.36,75.54,100.72,125.90,33.89,3.88,31.30,6.47,26.67,11.10,25.56,12.21,23.34,14.43
1260.00,249.43,239.43,95.52,37.80,50.40,75.60,100.80,126.00,33.92,3.88,31.33,6.47,26.70,11.10,25.59,12.21,23.37,14.43
1261.00,249.75,239.75,95.64,37.83,50.44,75.66,100.88,126.10,33.95,3.88,31.36,6.47,26.73,11.10,25.62,12.21,23.40,14.43
1262.00,250.06,240.06,95.76,37.86,50.48,75.72,100.96,126.20,33.98,3.88,31.39,6.47,26.76,11.10,25.65,12.21,23.43,14.43
1263.00,250.38,240.38,95.88,37.89,50.52,75.78,101.04,126.30,34.01,3.88,31.42,6.47,26.79,11.10,25.68,12.21,23.46,14.43
1264.00,250.70,240.70,96.00,37.92,50.56,75.84,101.12,126.40,34.04,3.88,31.45,6.47,26.82,11.10,25.71,12.21,23.49,14.43
1265.00,251.01,241.01,96.12,37.95,50.60,75.90,101.20,126.50,34.07,3.88,31.48,6.47,26.85,11.10,25.74,12.21,23.52,14.43
1266.00,251.33,241.33,96.24,37.98,50.64,75.96,101.28,126.60,34.10,3.88,31.51,6.47,26.88,11.10,25.77,12.21,23.55,14.43
1267.00,251.65,241.65,96.36,38.01,50.68,76.02,101.36,126.70,34.02,3.99,31.36,6.65,26.61,11.40,25.47,12.54,23.19,14.82
1268.00,251.96,241.96,96.48,38.04,50.72,76.08,101.44,126.80,34.05,3.99,31.39,6.65,26.64,11.40,25.50,12.54,23.22,14.82
1269.00,252.28,242.28,96.60,38.07,50.76,76.14,101.52,126.90,34.08,3.99,31.42,6.65,26.67,11.40,25.53,12.54,23.25,14.82
1270.00,252.60,242.70,96.72,38.10,50.80,76.20,101.60,127.00,34.11,3.99,31.45,6.65,26.70,11.40,25.56,12.54,23.28,14.82
1271.00,252.91,243.14,96.84,38.13,50.84,76.26,101.68,127.10,34.14,3.99,31.48,6.65,26.73,11.40,25.59,12.54,23.31,14.82
1272.00,253.23,243.59,96.96,38.16,50.88,76.32,101.76,127.20,34.17,3.99,31.51,6.65,26.76,11.40,25.62,12.54,23.34,14.82
1273.00,253.55,244.04,97.08,38.19,50.92,76.38,101.84,127.30,34.20,3.99,31.54,6.65,26.79,11.40,25.65,12.54,23.37,14.82
1274.00,253.87,244.49,97.20,38.22,50.96,76.44,101.92,127.40,34.23,3.99,31.57,6.65,26.82,11.40,25.68,12.54,23.40,14.82
1275.00,254.18,244.93,97.32,38.25,51.00,76.50,102.00,127.50,34.26,3.99,31.60,6.65,26.85,11.40,25.71,12.54,23.43,14.82
1276.00,254.50,245.38,97.44,38.28,51.04,76.56,102.08,127.60,34.29,3.99,31.63,6.65,26.88,11.40,25.74,12.54,23.46,14.82
1277.00,254.82,245.83,97.56,38.31,51.08,76.62,102.16,127.70,34.32,3.99,31.66,6.65,26.91,11.40,25.77,12.54,23.49,14.82
1278.00,255.13,246.27,97.68,38.34,51.12,76.68,102.24,127.80,34.35,3.99,31.69,6.65,26.94,11.40,25.80,12.54,23.52,14.82
1279.00,255.45,246.72,97.80,38.37,51.16,76.74,102.32,127.90,34.38,3.99,31.72,6.65,26.97,11.40,25.83,12.54,23.55,14.82
1280.00,255.77,247.17,97.92,38.40,51.20,76.80,102.40,128.00,34.41,3.99,31.75,6.65,27.00,11.40,25.86,12.54,23.58,14.82
1281.00,256.08,247.61,98.04,38.43,51.24,76.86,102.48,128.10,34.44,3.99,31.78,6.65,27.03,11.40,25.89,12.54,23.61,14.82
1282.00,256.40,248.06,98.16,38.46,51.28,76.92,102.56,128.20,34.47,3.99,31.81,6.65,27.06,11.40,25.92,12.54,23.64,14.82
1283.00,256.72,248.51,98.28,38.49,51.32,76.98,102.64,128.30,34.50,3.99,31.84,6.65,27.09,11.40,25.95,12.54,23.67,14.82
1284.00,257.03,248.95,98.40,38.52,51.36,77.04,102.72,128.40,34.53,3.99,31.87,6.65,27.12,11.40,25.98,12.54,23.70,14.82
1285.00,257.35,249.40,98.52,38.55,51.40,77.10,102.80,128.50,34.56,3.99,31.90,6.65,27.15,11.40,26.01,12.54,23.73,14.82
1286.00,257.67,249.85,98.64,38.58,51.44,77.16,102.88,128.60,34.59,3.99,31.93,6.65,27.18,11.40,26.04,12.54,23.76,14.82
1287.00,257.98,250.29,98.76,38.61,51.48,77.22,102.96,128.70,34.62,3.99,31.96,6.65,27.21,11.40,26.07,12.54,23.79,14.82
1288.00,258.30,250.74,98.88,38.64,51.52,77.28,103.04,128.80,34.65,3.99,31.99,6.65,27.24,11.40,26.10,12.54,23.82,14.82
1289.00,258.62,251.19,99.00,38.67,51.56,77.34,103.12,128.90,34.68,3.99,32.02,6.65,27.27,11.40,26.13,12.54,23.85,14.82
1290.00,258.93,251.63,99.12,38.70,51.60,77.40,103.20,129.00,34.71,3.99,32.05,6.65,27.30,11.40,26.16,12.54,23.88,14.82
1291.00,259.25,252.08,99.24,38.73,51.64,77.46,103.28,129.10,34.74,3.99,32.08,6.65,27.33,11.40,26.19,12.54,23.91,14.82
1292.00,259.57,252.53,99.36,38.76,51.68,77.52,103.36,129.20,34.77,3.99,32.11,6.65,27.36,11.40,26.22,12.54,23.94,14.82
1293.00,259.88,252.97,99.48,38.79,51.72,77.58,103.44,129.30,34.80,3.99,32.14,6.65,27.39,11.40,26.25,12.54,23.97,14.82
1294.00,260.20,253.42,99.60,38.82,51.76,77.64,103.52,129.40,34.83,3.99,32.17,6.65,27.42,11.40,26.28,12.54,24.00,14.82
1295.00,260.52,253.87,99.72,38.85,51.80,77.70,103.60,129.50,34.86,3.99,32.20,6.65,27.45,11.40,26.31,12.54,24.03,14.82
1296.00,260.83,254.31,99.84,38.88,51.84,77.76,103.68,129.60,34.89,3.99,32.23,6.65,27.48,11.40,26.34,12.54,24.06,14.82
1297.00,261.15,254.76,99.96,38.91,51.88,77.82,103.76,129.70,34.92,3.99,32.26,6.65,27.51,11.40,26.37,12.54,24.09,14.82
1298.00,261.47,255.21,100.08,38.94,51.92,77.88,103.84,129.80,34.95,3.99,32.29,6.65,27.54,11.40,26.40,12.54,24.12,14.82
1299.00,261.78,255.65,100.20,38.97,51.96,77.94,103.92,129.90,34.98,3.99,32.32,6.65,27.57,11.40,26.43,12.54,24.15,14.82
1300.00,262.10,256.10,100.32,39.00,52.00,78.00,104.00,130.00,34.91,4.09,32.18,6.82,27.30,11.70,26.13,12.87,23.79,15.21
1301.00,262.42,256.55,100.44,39.03,52.04,78.06,104.08,130.10,34.94,4.09,32.21,6.82,27.33,11.70,26.16,12.87,23.82,15.21
1302.00,262.73,256.99,100.56,39.06,52.08,78.12,104.16,130.20,34.97,4.09,32.24,6.82,27.36,11.70,26.19,12.87,23.85,15.21
1303.00,263.05,257.44,100.68,39.09,52.12,78.18,104.24,130.30,35.00,4.09,32.27,6.82,27.39,11.70,26.22,12.87,23.88,15.21
1304.00,263.37,257.89,100.80,39.12,52.16,78.24,104.32,130.40,35.03,4.09,32.30,6.82,27.42,11.70,26.25,12.87,23.91,15.21
1305.00,263.68,258.33,100.92,39.15,52.20,78.30,104.40,130.50,35.06,4.09,32.33,6.82,27.45,11.70,26.28,12.87,23.94,15.21
1306.00,264.00,258.78,101.04,39.18,52.24,78.36,104.48,130.60,35.09,4.09,32.36,6.82,27.48,11.70,26.31,12.87,23.97,15.21
1307.00,264.32,259.23,101.16,39.21,52.28,78.42,104.56,130.70,35.12,4.09,32.39,6.82,27.51,11.70,26.34,12.87,24.00,15.21
1308.00,264.63,259.67,101.28,39.24,52.32,78.48,104.64,130.80,35.15,4.09,32.42,6.82,27.54,11.70,26.37,12.87,24.03,15.21
1309.00,264.95,260.12,101.40,39.27,52.36,78.54,104.72,130.90,35.18,4.09,32.45,6.82,27.57,11.70,26.40,12.87,24.06,15.21
1310.00,265.27,260.57,101.52,39.30,52.40,78.60,104.80,131.00,35.21,4.09,32.48,6.82,27.60,11.70,26.43,12.87,24.09,15.21
1311.00,265.58,261.01,101.64,39.33,52.44,78.66,104.88,131.10,35.24,4.09,32.51,6.82,27.63,11.70,26.46,12.87,24.12,15.21
1312.00,265.90,261.46,101.76,39.36,52.48,78.72,104.96,131.20,35.27,4.09,32.54,6.82,27.66,11.70,26.49,12.87,24.15,15.21
1313.00,266.22,261.91,101.88,39.39,52.52,78.78,105.04,131.30,35.30,4.09,32.57,6.82,27.69,11.70,26.52,12.87,24.18,15.21
1314.00,266.53,262.35,102.00,39.42,52.56,78.84,105.12,131.40,35.33,4.09,32.60,6.82,27.72,11.70,26.55,12.87,24.21,15.21
1315.00,266.85,262.80,102.12,39.45,52.60,78.90,105.20,131.50,35.36,4.09,32.63,6.82,27.75,11.70,26.58,12.87,24.24,15.21
1316.00,267.17,263.25,102.24,39.48,52.64,78.96,105.28,131.60,35.39,4.09,32.66,6.82,27.78,11.70,26.61,12.87,24.27,15.21
1317.00,267.48,263.69,102.36,39.51,52.68,79.02,105.36,131.70,35.42,4.09,32.69,6.82,27.81,11.70,26.64,12.87,24.30,15.21
1318.00,267.80,264.14,102.48,39.54,52.72,79.08,105.44,131.80,35.45,4.09,32.72,6.82,27.84,11.70,26.67,12.87,24.33,15.21
1319.00,268.12,264.59,102.60,39.57,52.76,79.14,105.52,131.90,35.48,4.09,32.75,6.82,27.87,11.70,26.70,12.87,24.36,15.21
1320.00,268.43,265.03,102.72,39.60,52.80,79.20,105.60,132.00,35.51,4.09,32.78,6.82,27.90,11.70,26.73,12.87,24.39,15.21